{
  "rows_processed": 7191724,
  "train_rows": 5189966,
  "val_rows": 2001758,
  "n_features": 38,
  "baseline_mean_rmse": 497.4430400809725,
  "baseline_lag24_rmse": 238.8152561343182,
  "lightgbm_rmse": 89.13585794659184,
  "lightgbm_cv_rmse": 0.30687707105442324,
  "lightgbm_mae": 9.890875816345215,
  "rmse_improvement_pct": 82.08,
  "anomalies_flagged": 44363,
  "anomaly_rate_pct": 2.22,
  "audit_list_entries": 964,
  "total_time_seconds": 96.86,
  "feature_importance": {
    "hour": 1298510015.0,
    "dayofweek": 2579215125.0,
    "month": 20908254414.0,
    "is_weekend": 171597543.0,
    "is_holiday": 62839152.0,
    "day_of_year": 78748421878.0,
    "hour_sin": 647010519.0,
    "hour_cos": 4421248032.0,
    "month_sin": 12284116547.0,
    "month_cos": 2333909973.0,
    "lag_24h": 15314065347884.0,
    "lag_168h": 5028519671380.0,
    "lag_diff_24h": 726325693262.0,
    "rolling_mean_24h": 2049183738306.0,
    "rolling_std_24h": 17437363373.0,
    "rolling_min_24h": 232015792491.0,
    "rolling_max_24h": 668095056489.0,
    "rolling_mean_168h": 37396606734.0,
    "rolling_std_168h": 16726137339.0,
    "rolling_min_168h": 227573398330.0,
    "rolling_max_168h": 229302270459.0,
    "log_square_feet": 133856196104.0,
    "building_age": 101437259355.0,
    "primary_use_code": 14033537637.0,
    "air_temperature": 12821146936.0,
    "dew_temperature": 81011820275.0,
    "temp_diff": 983579043.0,
    "relative_humidity": 997144687.0,
    "temp_squared": 2676983309.0,
    "wind_chill": 23413867332.0,
    "cloud_coverage": 232326005.0,
    "wind_speed": 1000072442.0,
    "hour_weekend": 687003367.0,
    "temp_x_hour": 5648870422.0,
    "sqft_x_temp": 8063386560.0,
    "reading_vs_rolling": 610686380796.0,
    "site_id": 56761737.0,
    "meter": 754429617.0
  }
}