{
  "rows_processed": 7191724,
  "train_rows": 5189966,
  "val_rows": 2001758,
  "n_features": 38,
  "baseline_mean_rmse": 497.44302437565653,
  "baseline_lag24_rmse": 238.81528066949568,
  "lightgbm_rmse": 182.0474268563003,
  "lightgbm_cv_rmse": 0.626753231564388,
  "lightgbm_mae": 40.888607025146484,
  "rmse_improvement_pct": 63.4,
  "anomalies_flagged": 66815,
  "anomaly_rate_pct": 3.34,
  "audit_list_entries": 964,
  "total_time_seconds": 136.04,
  "feature_importance": {
    "hour": 30841623538.0,
    "dayofweek": 75572611838.0,
    "month": 23813863571.0,
    "is_weekend": 5293444265.0,
    "is_holiday": 4587514781.0,
    "day_of_year": 110204664616.0,
    "hour_sin": 13491777196.0,
    "hour_cos": 75019590602.0,
    "month_sin": 16558306614.0,
    "month_cos": 3921109219.0,
    "lag_24h": 14749743271803.0,
    "lag_168h": 5855192606671.0,
    "lag_diff_24h": 80082522292.0,
    "rolling_mean_24h": 1923416366453.0,
    "rolling_std_24h": 61839716102.0,
    "rolling_min_24h": 238635449744.0,
    "rolling_max_24h": 818532917104.0,
    "rolling_mean_168h": 59033120163.0,
    "rolling_std_168h": 25821229244.0,
    "rolling_min_168h": 238009778696.0,
    "rolling_max_168h": 176765175485.0,
    "log_square_feet": 163883143155.0,
    "building_age": 118438440868.0,
    "primary_use_code": 18228885580.0,
    "air_temperature": 49476240542.0,
    "dew_temperature": 110071103196.0,
    "temp_diff": 14571641752.0,
    "relative_humidity": 13603770239.0,
    "temp_squared": 15173423740.0,
    "wind_chill": 45108891562.0,
    "cloud_coverage": 3503826574.0,
    "wind_speed": 14855505241.0,
    "hour_weekend": 18351448851.0,
    "temp_x_hour": 25265525136.0,
    "sqft_x_temp": 25710138720.0,
    "reading_vs_rolling": 118841734342.0,
    "site_id": 14399885709.0,
    "meter": 24401638578.0
  }
}