{
  "rows_processed": 7191724,
  "train_rows": 5189966,
  "val_rows": 2001758,
  "n_features": 38,
  "baseline_mean_rmse": 497.44302437565653,
  "baseline_lag24_rmse": 238.81528066949568,
  "lightgbm_rmse": 183.94894629692772,
  "lightgbm_cv_rmse": 0.6332997863544015,
  "lightgbm_mae": 41.3154411315918,
  "rmse_improvement_pct": 63.02,
  "anomalies_flagged": 68504,
  "anomaly_rate_pct": 3.42,
  "audit_list_entries": 964,
  "total_time_seconds": 89.46,
  "feature_importance": {
    "hour": 31328334679.0,
    "dayofweek": 75607419124.0,
    "month": 24033900651.0,
    "is_weekend": 6487033035.0,
    "is_holiday": 682998241.0,
    "day_of_year": 109381187949.0,
    "hour_sin": 12889969681.0,
    "hour_cos": 76014340694.0,
    "month_sin": 15627751785.0,
    "month_cos": 3506908977.0,
    "lag_24h": 14726592266493.0,
    "lag_168h": 5878137356298.0,
    "lag_diff_24h": 79053485749.0,
    "rolling_mean_24h": 1924408185736.0,
    "rolling_std_24h": 63390171232.0,
    "rolling_min_24h": 240106384768.0,
    "rolling_max_24h": 813835247710.0,
    "rolling_mean_168h": 58979777588.0,
    "rolling_std_168h": 24270077576.0,
    "rolling_min_168h": 238484033601.0,
    "rolling_max_168h": 178479075622.0,
    "log_square_feet": 163316675154.0,
    "building_age": 117575482017.0,
    "primary_use_code": 18190009210.0,
    "air_temperature": 49923530375.0,
    "dew_temperature": 112012939609.0,
    "temp_diff": 14285740804.0,
    "relative_humidity": 14419582333.0,
    "temp_squared": 15383424645.0,
    "wind_chill": 44740070023.0,
    "cloud_coverage": 3635760096.0,
    "wind_speed": 15625819990.0,
    "hour_weekend": 18464293051.0,
    "temp_x_hour": 26339871596.0,
    "sqft_x_temp": 23875681770.0,
    "reading_vs_rolling": 119528914526.0,
    "site_id": 15308715745.0,
    "meter": 24738282688.0
  }
}